Error Type,Topic Guid,Message
Warning,03003544-e802-4988-9427-5fc4da64dcb8,Found a an ul list inside a table in html file:03003544-e802-4988-9427-5fc4da64dcb8.xml
Warning,03003544-e802-4988-9427-5fc4da64dcb8,Found < > tag Bug 1235997:Support Request: MD conversion issue: not escaped tags causing missing content line:<i>&lt;ServerIdentity&gt;</i> in md file:03003544-e802-4988-9427-5fc4da64dcb8.md total found:0
Warning,0ac0001c-b314-4108-b895-d9c0e271b489,Found a an ul list inside a table in html file:0ac0001c-b314-4108-b895-d9c0e271b489.xml
Warning,0ac0001c-b314-4108-b895-d9c0e271b489,Found nested table in md file:0ac0001c-b314-4108-b895-d9c0e271b489.md
Warning,0ac0001c-b314-4108-b895-d9c0e271b489,Fixing missing end table tag in file:0ac0001c-b314-4108-b895-d9c0e271b489.md
Warning,0ac0001c-b314-4108-b895-d9c0e271b489,Fixing missing end table tag in file:0ac0001c-b314-4108-b895-d9c0e271b489.md
Warning,0ac0001c-b314-4108-b895-d9c0e271b489,Found invalid tables saving file:0ac0001c-b314-4108-b895-d9c0e271b489.md
Warning,0eda267b-41e5-4a60-a209-70a8522a9f41,Found < > tag Bug 1235997:Support Request: MD conversion issue: not escaped tags causing missing content line:<i>&lt;ServerName&gt;</i> in md file:0eda267b-41e5-4a60-a209-70a8522a9f41.md total found:0
Warning,146b2b52-1ef8-4606-991a-4cf4da694970,Found a an ul list inside a table in html file:146b2b52-1ef8-4606-991a-4cf4da694970.xml
Warning,17751a60-39fe-433f-84d2-bfc14ff4ba51,Found a an ul list inside a table in html file:17751a60-39fe-433f-84d2-bfc14ff4ba51.xml
Warning,17751a60-39fe-433f-84d2-bfc14ff4ba51,Found nested table in md file:17751a60-39fe-433f-84d2-bfc14ff4ba51.md
Warning,17751a60-39fe-433f-84d2-bfc14ff4ba51,Fixing missing end table tag in file:17751a60-39fe-433f-84d2-bfc14ff4ba51.md
Warning,17751a60-39fe-433f-84d2-bfc14ff4ba51,Found invalid tables saving file:17751a60-39fe-433f-84d2-bfc14ff4ba51.md
Warning,1e80857c-b870-4a6d-a0f4-ff7b3a7be037,Found a an ul list inside a table in html file:1e80857c-b870-4a6d-a0f4-ff7b3a7be037.xml
Warning,1e80857c-b870-4a6d-a0f4-ff7b3a7be037,Found nested table in md file:1e80857c-b870-4a6d-a0f4-ff7b3a7be037.md
Warning,22b17eb8-d8ee-4599-b202-d6a7928c20d9,Found nested table in md file:22b17eb8-d8ee-4599-b202-d6a7928c20d9.md
Warning,22b17eb8-d8ee-4599-b202-d6a7928c20d9,Fixing missing end table tag in file:22b17eb8-d8ee-4599-b202-d6a7928c20d9.md
Warning,22b17eb8-d8ee-4599-b202-d6a7928c20d9,Found invalid tables saving file:22b17eb8-d8ee-4599-b202-d6a7928c20d9.md
Warning,23c9d844-6fc7-44c9-a308-587338281611,Found < > tag Bug 1235997:Support Request: MD conversion issue: not escaped tags causing missing content line:<p>&lt; </p> in md file:23c9d844-6fc7-44c9-a308-587338281611.md total found:0
Warning,28cedf1d-365a-4e36-b2ba-6bf81af8684f,Found a an ul list inside a table in html file:28cedf1d-365a-4e36-b2ba-6bf81af8684f.xml
Warning,28d3a5c2-8509-4b25-9876-763536e77c27,Found a an ul list inside a table in html file:28d3a5c2-8509-4b25-9876-763536e77c27.xml
Warning,29b67d58-eef9-4ad4-863f-562405ea8794,Found a an ul list inside a table in html file:29b67d58-eef9-4ad4-863f-562405ea8794.xml
Warning,2cea59fb-69b7-4a2f-833f-de4d93cf1810,Found a an ul list inside a table in html file:2cea59fb-69b7-4a2f-833f-de4d93cf1810.xml
Warning,2cea59fb-69b7-4a2f-833f-de4d93cf1810,Found nested table in md file:2cea59fb-69b7-4a2f-833f-de4d93cf1810.md
Warning,2cea59fb-69b7-4a2f-833f-de4d93cf1810,Fixing missing end table tag in file:2cea59fb-69b7-4a2f-833f-de4d93cf1810.md
Warning,2cea59fb-69b7-4a2f-833f-de4d93cf1810,Found invalid tables saving file:2cea59fb-69b7-4a2f-833f-de4d93cf1810.md
Warning,3311562b-8fd3-4d66-a5f7-8e65a38c6b39,Found a an ul list inside a table in html file:3311562b-8fd3-4d66-a5f7-8e65a38c6b39.xml
Warning,3646a4e8-36b2-41fb-89a4-79b0963fcb11,Found nested table in md file:3646a4e8-36b2-41fb-89a4-79b0963fcb11.md
Warning,3646a4e8-36b2-41fb-89a4-79b0963fcb11,Fixing missing end table tag in file:3646a4e8-36b2-41fb-89a4-79b0963fcb11.md
Warning,3646a4e8-36b2-41fb-89a4-79b0963fcb11,Found invalid tables saving file:3646a4e8-36b2-41fb-89a4-79b0963fcb11.md
Warning,37cdeacf-74f9-4399-9860-4d1dbec12bb1,Found a an ul list inside a table in html file:37cdeacf-74f9-4399-9860-4d1dbec12bb1.xml
Warning,3addd71a-4165-401f-a009-002bcd8baba6,Found nested table in md file:3addd71a-4165-401f-a009-002bcd8baba6.md
Warning,3addd71a-4165-401f-a009-002bcd8baba6,Fixing missing end table tag in file:3addd71a-4165-401f-a009-002bcd8baba6.md
Warning,3addd71a-4165-401f-a009-002bcd8baba6,Found invalid tables saving file:3addd71a-4165-401f-a009-002bcd8baba6.md
Warning,3d2a8747-4afa-4db8-94d7-dcce6d90d21f,Found < > tag Bug 1235997:Support Request: MD conversion issue: not escaped tags causing missing content line:<i>&lt;Password&gt;</i> in md file:3d2a8747-4afa-4db8-94d7-dcce6d90d21f.md total found:0
Warning,402b74e4-8853-4c51-9737-1a9c19f8e3dd,Found a an ul list inside a table in html file:402b74e4-8853-4c51-9737-1a9c19f8e3dd.xml
Warning,402b74e4-8853-4c51-9737-1a9c19f8e3dd,Found < > tag Bug 1235997:Support Request: MD conversion issue: not escaped tags causing missing content line:<p>received&gt;=01/01/2015 AND received&lt;=03/31/2015 </p> in md file:402b74e4-8853-4c51-9737-1a9c19f8e3dd.md total found:0
Warning,402b74e4-8853-4c51-9737-1a9c19f8e3dd,Found < > tag Bug 1235997:Support Request: MD conversion issue: not escaped tags causing missing content line:<p>sent&gt;=06/01/2015 AND sent&lt;=07/01/2015 </p> in md file:402b74e4-8853-4c51-9737-1a9c19f8e3dd.md total found:0
Warning,402b74e4-8853-4c51-9737-1a9c19f8e3dd,Found < > tag Bug 1235997:Support Request: MD conversion issue: not escaped tags causing missing content line:<p>&lt; </p> in md file:402b74e4-8853-4c51-9737-1a9c19f8e3dd.md total found:0
Warning,402b74e4-8853-4c51-9737-1a9c19f8e3dd,Found < > tag Bug 1235997:Support Request: MD conversion issue: not escaped tags causing missing content line:<p>property&lt;value </p> in md file:402b74e4-8853-4c51-9737-1a9c19f8e3dd.md total found:0
Warning,402b74e4-8853-4c51-9737-1a9c19f8e3dd,Found < > tag Bug 1235997:Support Request: MD conversion issue: not escaped tags causing missing content line:<p>&lt;= </p> in md file:402b74e4-8853-4c51-9737-1a9c19f8e3dd.md total found:0
Warning,402b74e4-8853-4c51-9737-1a9c19f8e3dd,Found < > tag Bug 1235997:Support Request: MD conversion issue: not escaped tags causing missing content line:<p>property&lt;=value </p> in md file:402b74e4-8853-4c51-9737-1a9c19f8e3dd.md total found:0
Warning,40da446b-bcc3-4a97-ace7-a54f6ddebd79,Found a an ul list inside a table in html file:40da446b-bcc3-4a97-ace7-a54f6ddebd79.xml
Warning,43fbe354-ccfc-45b0-9fbc-4b23c6c5ccf4,Found < > tag Bug 1235997:Support Request: MD conversion issue: not escaped tags causing missing content line:<i>&lt;Password&gt;</i> in md file:43fbe354-ccfc-45b0-9fbc-4b23c6c5ccf4.md total found:0
Warning,4663b5db-5b30-4a5a-a302-be6fef7fe5da,Found a an ul list inside a table in html file:4663b5db-5b30-4a5a-a302-be6fef7fe5da.xml
Warning,46e9a1cf-b64c-43c3-a898-6171176da761,Found a an ol list inside a table in html file:46e9a1cf-b64c-43c3-a898-6171176da761.xml
Warning,48c13be5-3f01-4849-a089-766210e54f89,Found a an ul list inside a table in html file:48c13be5-3f01-4849-a089-766210e54f89.xml
Warning,48c13be5-3f01-4849-a089-766210e54f89,Found nested table in md file:48c13be5-3f01-4849-a089-766210e54f89.md
Warning,48c13be5-3f01-4849-a089-766210e54f89,Fixing missing end table tag in file:48c13be5-3f01-4849-a089-766210e54f89.md
Warning,48c13be5-3f01-4849-a089-766210e54f89,Fixing missing end table tag in file:48c13be5-3f01-4849-a089-766210e54f89.md
Warning,48c13be5-3f01-4849-a089-766210e54f89,Found invalid tables saving file:48c13be5-3f01-4849-a089-766210e54f89.md
Warning,49ef4a3e-d209-4fb2-80a3-6132b0f69bd0,Found < > tag Bug 1235997:Support Request: MD conversion issue: not escaped tags causing missing content line:<p>&lt;blank&gt; </p> in md file:49ef4a3e-d209-4fb2-80a3-6132b0f69bd0.md total found:0
Warning,4a8bd779-b52a-40ed-8040-4d76eabeb41e,Found < > tag Bug 1235997:Support Request: MD conversion issue: not escaped tags causing missing content line:<p>C:\&lt; <i>DatabaseFolderName</i> &gt;\<i>DatabaseName</i> \&lt;<i>DatabaseName</i> &gt;.db</p> in md file:4a8bd779-b52a-40ed-8040-4d76eabeb41e.md total found:0
Warning,4a8bd779-b52a-40ed-8040-4d76eabeb41e,Found < > tag Bug 1235997:Support Request: MD conversion issue: not escaped tags causing missing content line:<p>C:\&lt; <i>DatabaseFolderName</i> &gt;\<i>DatabaseName</i> \&lt;<i>DatabaseName</i> &gt;.log</p> in md file:4a8bd779-b52a-40ed-8040-4d76eabeb41e.md total found:0
Warning,4acc7f2a-93ce-468c-9ace-d5f7eecbd8d4,Found a an ol list inside a table in html file:4acc7f2a-93ce-468c-9ace-d5f7eecbd8d4.xml
Warning,4e1b9510-3188-43eb-9252-7c64cb2bc0e3,Found a an ol list inside a table in html file:4e1b9510-3188-43eb-9252-7c64cb2bc0e3.xml
Warning,50eb5213-cf27-4179-b427-38d751ee4a70,Found < > tag Bug 1235997:Support Request: MD conversion issue: not escaped tags causing missing content line:<i>&lt;ServerIdentity&gt;</i> in md file:50eb5213-cf27-4179-b427-38d751ee4a70.md total found:0
Warning,50eb5213-cf27-4179-b427-38d751ee4a70,Found < > tag Bug 1235997:Support Request: MD conversion issue: not escaped tags causing missing content line:<i>&lt;dd.hh:mm:ss&gt;</i> in md file:50eb5213-cf27-4179-b427-38d751ee4a70.md total found:0
Warning,50eb5213-cf27-4179-b427-38d751ee4a70,Found < > tag Bug 1235997:Support Request: MD conversion issue: not escaped tags causing missing content line:<i>&lt;LocalFilePath&gt;</i> in md file:50eb5213-cf27-4179-b427-38d751ee4a70.md total found:0
Warning,50eb5213-cf27-4179-b427-38d751ee4a70,Found < > tag Bug 1235997:Support Request: MD conversion issue: not escaped tags causing missing content line:<i>&lt;ServerIdentity&gt;</i> in md file:50eb5213-cf27-4179-b427-38d751ee4a70.md total found:0
Warning,51a8b4c6-a53e-41c5-8bb1-ea4c0eaa0174,Found nested table in md file:51a8b4c6-a53e-41c5-8bb1-ea4c0eaa0174.md
Warning,51a8b4c6-a53e-41c5-8bb1-ea4c0eaa0174,Fixing missing end table tag in file:51a8b4c6-a53e-41c5-8bb1-ea4c0eaa0174.md
Warning,51a8b4c6-a53e-41c5-8bb1-ea4c0eaa0174,Found invalid tables saving file:51a8b4c6-a53e-41c5-8bb1-ea4c0eaa0174.md
Warning,5433c1d3-ad2e-4f82-b50d-b67964b32f26,Found a an ul list inside a table in html file:5433c1d3-ad2e-4f82-b50d-b67964b32f26.xml
Warning,5433c1d3-ad2e-4f82-b50d-b67964b32f26,Found nested table in md file:5433c1d3-ad2e-4f82-b50d-b67964b32f26.md
Warning,5433c1d3-ad2e-4f82-b50d-b67964b32f26,Fixing missing end table tag in file:5433c1d3-ad2e-4f82-b50d-b67964b32f26.md
Warning,5433c1d3-ad2e-4f82-b50d-b67964b32f26,Fixing missing end table tag in file:5433c1d3-ad2e-4f82-b50d-b67964b32f26.md
Warning,5433c1d3-ad2e-4f82-b50d-b67964b32f26,Fixing missing end table tag in file:5433c1d3-ad2e-4f82-b50d-b67964b32f26.md
Warning,5433c1d3-ad2e-4f82-b50d-b67964b32f26,Fixing missing end table tag in file:5433c1d3-ad2e-4f82-b50d-b67964b32f26.md
Warning,5433c1d3-ad2e-4f82-b50d-b67964b32f26,Fixing missing end table tag in file:5433c1d3-ad2e-4f82-b50d-b67964b32f26.md
Warning,5433c1d3-ad2e-4f82-b50d-b67964b32f26,Fixing missing end table tag in file:5433c1d3-ad2e-4f82-b50d-b67964b32f26.md
Warning,5433c1d3-ad2e-4f82-b50d-b67964b32f26,Fixing missing end table tag in file:5433c1d3-ad2e-4f82-b50d-b67964b32f26.md
Warning,5433c1d3-ad2e-4f82-b50d-b67964b32f26,Fixing missing end table tag in file:5433c1d3-ad2e-4f82-b50d-b67964b32f26.md
Warning,5433c1d3-ad2e-4f82-b50d-b67964b32f26,Fixing missing end table tag in file:5433c1d3-ad2e-4f82-b50d-b67964b32f26.md
Warning,5433c1d3-ad2e-4f82-b50d-b67964b32f26,Fixing missing end table tag in file:5433c1d3-ad2e-4f82-b50d-b67964b32f26.md
Warning,5433c1d3-ad2e-4f82-b50d-b67964b32f26,Fixing missing end table tag in file:5433c1d3-ad2e-4f82-b50d-b67964b32f26.md
Warning,5433c1d3-ad2e-4f82-b50d-b67964b32f26,Found invalid tables saving file:5433c1d3-ad2e-4f82-b50d-b67964b32f26.md
Warning,579c6dc1-ece3-442a-bb8c-f55bcb543119,Found a an ol list inside a table in html file:579c6dc1-ece3-442a-bb8c-f55bcb543119.xml
Warning,5b690bcb-c6df-4511-90e1-08ca91f43b37,Found nested table in md file:5b690bcb-c6df-4511-90e1-08ca91f43b37.md
Warning,5b690bcb-c6df-4511-90e1-08ca91f43b37,Fixing missing end table tag in file:5b690bcb-c6df-4511-90e1-08ca91f43b37.md
Warning,5b690bcb-c6df-4511-90e1-08ca91f43b37,Fixing missing end table tag in file:5b690bcb-c6df-4511-90e1-08ca91f43b37.md
Warning,5b690bcb-c6df-4511-90e1-08ca91f43b37,Found invalid tables saving file:5b690bcb-c6df-4511-90e1-08ca91f43b37.md
Warning,5d11a955-b1cc-4150-a0b9-a8cc48ba9bde,Found a an ul list inside a table in html file:5d11a955-b1cc-4150-a0b9-a8cc48ba9bde.xml
Warning,5fb6a873-f3cf-4f82-87d1-2ff6e47a0080,Found a an ul list inside a table in html file:5fb6a873-f3cf-4f82-87d1-2ff6e47a0080.xml
Warning,61685a89-ac20-4a27-b502-e83f5f8c60f4,Missing tables headers in file:61685a89-ac20-4a27-b502-e83f5f8c60f4.md
Warning,6377cb7a-3416-4e15-8571-c45d2160fc6f,Found nested table in md file:6377cb7a-3416-4e15-8571-c45d2160fc6f.md
Warning,6377cb7a-3416-4e15-8571-c45d2160fc6f,Fixing missing end table tag in file:6377cb7a-3416-4e15-8571-c45d2160fc6f.md
Warning,6377cb7a-3416-4e15-8571-c45d2160fc6f,Found invalid tables saving file:6377cb7a-3416-4e15-8571-c45d2160fc6f.md
Warning,64437ffd-231b-4c10-84df-232ccbe9538f,Found a an ul list inside a table in html file:64437ffd-231b-4c10-84df-232ccbe9538f.xml
Warning,688b342c-f380-4fe0-afce-7e38cf490627,Found < > tag Bug 1235997:Support Request: MD conversion issue: not escaped tags causing missing content line:<p>We use the message's <b>InternetMessageID</b>  property value for the exported message file names to help ensure uniqueness. The procedures include steps to remove angled brackets (&gt; and &lt;)- because they aren't allowed in file names. Also- we use the .eml file name extension so you can easily open the files in Outlook or resubmit the files by using the Replay directory.</p> in md file:688b342c-f380-4fe0-afce-7e38cf490627.md total found:0
Warning,6aa19a12-c7b2-4eac-a8dc-9a4d26919ac5,Found a an ul list inside a table in html file:6aa19a12-c7b2-4eac-a8dc-9a4d26919ac5.xml
Warning,6ea3a695-3ddd-4d53-b3c6-90041f44ef64,Found a an ul list inside a table in html file:6ea3a695-3ddd-4d53-b3c6-90041f44ef64.xml
Warning,6eaa753a-523a-4ae7-b174-a639b819e729,Found < > tag Bug 1235997:Support Request: MD conversion issue: not escaped tags causing missing content line:<i>&lt;Send connector identity&gt;</i> in md file:6eaa753a-523a-4ae7-b174-a639b819e729.md total found:0
Warning,6fd39079-9655-4fd9-9269-c7462c76e0a7,Found a an ul list inside a table in html file:6fd39079-9655-4fd9-9269-c7462c76e0a7.xml
Warning,709b075e-9584-484b-bcaa-e781c26497b4,Found a an ul list inside a table in html file:709b075e-9584-484b-bcaa-e781c26497b4.xml
Warning,71031c06-852d-44d8-b558-dff444eaef8c,Found a an ul list inside a table in html file:71031c06-852d-44d8-b558-dff444eaef8c.xml
Warning,749cdfe3-496b-453f-96eb-20a0bf28fd52,Found a an ul list inside a table in html file:749cdfe3-496b-453f-96eb-20a0bf28fd52.xml
Warning,74be3f97-ec0f-4d2a-b5d8-7770cc489919,Found a an ul list inside a table in html file:74be3f97-ec0f-4d2a-b5d8-7770cc489919.xml
Warning,74be3f97-ec0f-4d2a-b5d8-7770cc489919,Missing tables headers in file:74be3f97-ec0f-4d2a-b5d8-7770cc489919.md
Warning,75388645-cae1-402e-bf02-c4949d3e2c31,Found a an ul list inside a table in html file:75388645-cae1-402e-bf02-c4949d3e2c31.xml
Warning,7cef6017-7a55-41f3-a636-1ca4fce575b1,Found a an ul list inside a table in html file:7cef6017-7a55-41f3-a636-1ca4fce575b1.xml
Warning,7e4c4013-8a2b-4c25-a287-b367c65e48aa,Found < > tag Bug 1235997:Support Request: MD conversion issue: not escaped tags causing missing content line:<i>&lt;Password&gt;</i> in md file:7e4c4013-8a2b-4c25-a287-b367c65e48aa.md total found:0
Warning,7e879e4e-1124-4a41-94d2-c64500beb24e,Found < > tag Bug 1235997:Support Request: MD conversion issue: not escaped tags causing missing content line:<p>CN=ms-Exch-SMTP-Accept-XProxyFrom-CN=Extended-Rights-&lt;ConfigurationContainerDN&gt; </p> in md file:7e879e4e-1124-4a41-94d2-c64500beb24e.md total found:0
Warning,85ff95d4-0aa4-4964-ac4b-5b07a5a1039f,Found a an ul list inside a table in html file:85ff95d4-0aa4-4964-ac4b-5b07a5a1039f.xml
Warning,868d7fd8-e817-46ba-9b67-edf2f50b9494,Found < > tag Bug 1235997:Support Request: MD conversion issue: not escaped tags causing missing content line:<p>Replace &lt;MailboxIdentity&gt; with the identity of the mailbox- and run the following command to verify the <b>AntispamBypassEnabled</b>  property value:</p> in md file:868d7fd8-e817-46ba-9b67-edf2f50b9494.md total found:0
Warning,87e259c9-c884-4d53-bd78-d13f2300d73e,Found nested table in md file:87e259c9-c884-4d53-bd78-d13f2300d73e.md
Warning,87e259c9-c884-4d53-bd78-d13f2300d73e,Fixing missing end table tag in file:87e259c9-c884-4d53-bd78-d13f2300d73e.md
Warning,87e259c9-c884-4d53-bd78-d13f2300d73e,Found invalid tables saving file:87e259c9-c884-4d53-bd78-d13f2300d73e.md
Warning,8975848d-07f0-4643-9eac-20aece69945f,Fixing missing end table tag in file:8975848d-07f0-4643-9eac-20aece69945f.md
Warning,8975848d-07f0-4643-9eac-20aece69945f,Fixing missing end table tag in file:8975848d-07f0-4643-9eac-20aece69945f.md
Warning,8975848d-07f0-4643-9eac-20aece69945f,Fixing missing end table tag in file:8975848d-07f0-4643-9eac-20aece69945f.md
Warning,8975848d-07f0-4643-9eac-20aece69945f,Fixing missing end table tag in file:8975848d-07f0-4643-9eac-20aece69945f.md
Warning,8975848d-07f0-4643-9eac-20aece69945f,Fixing missing end table tag in file:8975848d-07f0-4643-9eac-20aece69945f.md
Warning,8975848d-07f0-4643-9eac-20aece69945f,Fixing missing end table tag in file:8975848d-07f0-4643-9eac-20aece69945f.md
Warning,8975848d-07f0-4643-9eac-20aece69945f,Fixing missing end table tag in file:8975848d-07f0-4643-9eac-20aece69945f.md
Warning,8975848d-07f0-4643-9eac-20aece69945f,Found invalid tables saving file:8975848d-07f0-4643-9eac-20aece69945f.md
Warning,8a5f6715-baa4-48dd-8600-02c6b3d1aa9d,Found a an ul list inside a table in html file:8a5f6715-baa4-48dd-8600-02c6b3d1aa9d.xml
Warning,8e91de84-76fa-49b2-898c-c5eface76560,Found a an ul list inside a table in html file:8e91de84-76fa-49b2-898c-c5eface76560.xml
Warning,8ee2672a-3a45-4897-8cc0-fa23c374dbf9,Found a an ul list inside a table in html file:8ee2672a-3a45-4897-8cc0-fa23c374dbf9.xml
Warning,8f4faeea-a825-438d-97dc-1c398ce7aba5,Found < > tag Bug 1235997:Support Request: MD conversion issue: not escaped tags causing missing content line:<p>Where &lt;SPN&gt; is the SPN you want to associate with the ASA credential. For example:</p> in md file:8f4faeea-a825-438d-97dc-1c398ce7aba5.md total found:0
Warning,8f4faeea-a825-438d-97dc-1c398ce7aba5,Found < > tag Bug 1235997:Support Request: MD conversion issue: not escaped tags causing missing content line:<p>Where &lt;SPN&gt; is the SPN you want to associate with the ASA credential and &lt;Account&gt; is the account associated with the ASA credential. For example:</p> in md file:8f4faeea-a825-438d-97dc-1c398ce7aba5.md total found:0
Warning,8f4faeea-a825-438d-97dc-1c398ce7aba5,Found < > tag Bug 1235997:Support Request: MD conversion issue: not escaped tags causing missing content line:<p>Where &lt;Account&gt; is the account associated with the ASA credential. For example:</p> in md file:8f4faeea-a825-438d-97dc-1c398ce7aba5.md total found:0
Warning,9317b3bc-44a1-4e54-bc51-4f0b194b6a55,Found a an ul list inside a table in html file:9317b3bc-44a1-4e54-bc51-4f0b194b6a55.xml
Warning,9317b3bc-44a1-4e54-bc51-4f0b194b6a55,Fixing missing end table tag in file:9317b3bc-44a1-4e54-bc51-4f0b194b6a55.md
Warning,9317b3bc-44a1-4e54-bc51-4f0b194b6a55,Fixing missing end table tag in file:9317b3bc-44a1-4e54-bc51-4f0b194b6a55.md
Warning,9317b3bc-44a1-4e54-bc51-4f0b194b6a55,Found invalid tables saving file:9317b3bc-44a1-4e54-bc51-4f0b194b6a55.md
Warning,96999634-8428-4606-b4e3-65450527a067,Found a an ol list inside a table in html file:96999634-8428-4606-b4e3-65450527a067.xml
Warning,96999634-8428-4606-b4e3-65450527a067,Found nested table in md file:96999634-8428-4606-b4e3-65450527a067.md
Warning,97501135-2149-4590-8373-98e638ac8eb1,Found a an ul list inside a table in html file:97501135-2149-4590-8373-98e638ac8eb1.xml
Warning,98b81f9c-87bb-4905-8e53-04621c3ae74d,Found a an ul list inside a table in html file:98b81f9c-87bb-4905-8e53-04621c3ae74d.xml
Warning,98b81f9c-87bb-4905-8e53-04621c3ae74d,Found nested table in md file:98b81f9c-87bb-4905-8e53-04621c3ae74d.md
Warning,a115b182-cbd2-4d31-aa0e-375240939301,Found a an ol list inside a table in html file:a115b182-cbd2-4d31-aa0e-375240939301.xml
Warning,a3a948d9-4991-4088-9013-0a4c944295e4,Found a an ul list inside a table in html file:a3a948d9-4991-4088-9013-0a4c944295e4.xml
Warning,a40dbe61-2a18-48a8-b2e0-4e81a6678d11,Found a an ul list inside a table in html file:a40dbe61-2a18-48a8-b2e0-4e81a6678d11.xml
Warning,a5e6ac44-5901-4eab-9017-c6fae80a0f83,Found < > tag Bug 1235997:Support Request: MD conversion issue: not escaped tags causing missing content line:<b>Get-Mailbox &lt;identity&gt;</b> in md file:a5e6ac44-5901-4eab-9017-c6fae80a0f83.md total found:0
Warning,a7203ebd-ffac-4a8d-a2d0-6c8a61c8eeb8,Missing tables headers in file:a7203ebd-ffac-4a8d-a2d0-6c8a61c8eeb8.md
Warning,a7daf7aa-0411-4b26-a422-eefd1b113f9f,Found a an ul list inside a table in html file:a7daf7aa-0411-4b26-a422-eefd1b113f9f.xml
Warning,a9aea11a-6ba3-4f4a-a76e-79072e7cfc7d,Missing tables headers in file:a9aea11a-6ba3-4f4a-a76e-79072e7cfc7d.md
Warning,a9e2e08c-d46a-4135-a387-eb653212b676,Found a an ul list inside a table in html file:a9e2e08c-d46a-4135-a387-eb653212b676.xml
Warning,a9e2e08c-d46a-4135-a387-eb653212b676,Missing tables headers in file:a9e2e08c-d46a-4135-a387-eb653212b676.md
Warning,abad5939-8826-4df1-94bf-2d734f07e929,Found nested table in md file:abad5939-8826-4df1-94bf-2d734f07e929.md
Warning,abad5939-8826-4df1-94bf-2d734f07e929,Fixing missing end table tag in file:abad5939-8826-4df1-94bf-2d734f07e929.md
Warning,abad5939-8826-4df1-94bf-2d734f07e929,Found invalid tables saving file:abad5939-8826-4df1-94bf-2d734f07e929.md
Warning,b03c0f21-cbc2-4be8-ad03-73a7dac16ffc,Found < > tag Bug 1235997:Support Request: MD conversion issue: not escaped tags causing missing content line:<p>Depending on whether you configured the Autodiscover service on a separate site- the Autodiscover service URL will be either of the following values- where //&lt;SMTP-address-domain&gt; is the primary SMTP domain address:</p> in md file:b03c0f21-cbc2-4be8-ad03-73a7dac16ffc.md total found:0
Warning,b03c0f21-cbc2-4be8-ad03-73a7dac16ffc,Found < > tag Bug 1235997:Support Request: MD conversion issue: not escaped tags causing missing content line:<p>https://autodiscover.&lt;smtp-address-domain&gt;/autodiscover/autodiscover.xml</p> in md file:b03c0f21-cbc2-4be8-ad03-73a7dac16ffc.md total found:0
Warning,b03c0f21-cbc2-4be8-ad03-73a7dac16ffc,Found < > tag Bug 1235997:Support Request: MD conversion issue: not escaped tags causing missing content line:<p>In deployments where clients connect to multiple Exchange servers- the Autodiscover SCP object is created for the (frontend) Client Access services on each Mailbox server. The SCP object contains the ServiceBindingInfo attribute with the FQDN of the Exchange server that the client connects to in the form of https://&lt;ExchangeServer&gt;/autodiscover/autodiscover.xml (for example- https://cas01/autodiscover/autodiscover.xml).</p> in md file:b03c0f21-cbc2-4be8-ad03-73a7dac16ffc.md total found:0
Warning,b03c0f21-cbc2-4be8-ad03-73a7dac16ffc,Missing tables headers in file:b03c0f21-cbc2-4be8-ad03-73a7dac16ffc.md
Warning,b5e4c0e9-0558-4b90-bc12-f67adbfb59ac,Found < > tag Bug 1235997:Support Request: MD conversion issue: not escaped tags causing missing content line:<p>The archive mailbox '&lt;Display Name&gt;:&lt;GUID&gt;:&lt;Mailbox Database&gt;:&lt;Server FQDN&gt;' exceeded the archive warning quota '&lt;Archive warning quota&gt;'. Archive mailbox size is '&lt;Size&gt;' bytes. </p> in md file:b5e4c0e9-0558-4b90-bc12-f67adbfb59ac.md total found:0
Warning,b5e4c0e9-0558-4b90-bc12-f67adbfb59ac,Found < > tag Bug 1235997:Support Request: MD conversion issue: not escaped tags causing missing content line:<p>The archive mailbox for &lt;Legacy DN&gt; has exceeded the maximum archive mailbox size. You can't copy or move items into the archive mailbox. All message retention actions that move items to the archive mailbox will fail- and the primary mailbox may contain items with expired retention tags until the archive mailbox is within the maximum size limit. The mailbox owner should be notified about the condition of the archive mailbox. </p> in md file:b5e4c0e9-0558-4b90-bc12-f67adbfb59ac.md total found:0
Warning,b63b63bb-6faf-4337-8441-50bc64b49bb8,Found a an ul list inside a table in html file:b63b63bb-6faf-4337-8441-50bc64b49bb8.xml
Warning,b6a3840d-b821-4e53-877b-59c16be77206,Found < > tag Bug 1235997:Support Request: MD conversion issue: not escaped tags causing missing content line:<i>&lt;MailboxIdentity&gt;</i> in md file:b6a3840d-b821-4e53-877b-59c16be77206.md total found:0
Warning,b6a3840d-b821-4e53-877b-59c16be77206,Fixing missing end table tag in file:b6a3840d-b821-4e53-877b-59c16be77206.md
Warning,b6a3840d-b821-4e53-877b-59c16be77206,Fixing missing end table tag in file:b6a3840d-b821-4e53-877b-59c16be77206.md
Warning,b6a3840d-b821-4e53-877b-59c16be77206,Fixing missing end table tag in file:b6a3840d-b821-4e53-877b-59c16be77206.md
Warning,b6a3840d-b821-4e53-877b-59c16be77206,Fixing missing end table tag in file:b6a3840d-b821-4e53-877b-59c16be77206.md
Warning,b6a3840d-b821-4e53-877b-59c16be77206,Fixing missing end table tag in file:b6a3840d-b821-4e53-877b-59c16be77206.md
Warning,b6a3840d-b821-4e53-877b-59c16be77206,Fixing missing end table tag in file:b6a3840d-b821-4e53-877b-59c16be77206.md
Warning,b6a3840d-b821-4e53-877b-59c16be77206,Fixing missing end table tag in file:b6a3840d-b821-4e53-877b-59c16be77206.md
Warning,b6a3840d-b821-4e53-877b-59c16be77206,Fixing missing end table tag in file:b6a3840d-b821-4e53-877b-59c16be77206.md
Warning,b6a3840d-b821-4e53-877b-59c16be77206,Fixing missing end table tag in file:b6a3840d-b821-4e53-877b-59c16be77206.md
Warning,b6a3840d-b821-4e53-877b-59c16be77206,Fixing missing end table tag in file:b6a3840d-b821-4e53-877b-59c16be77206.md
Warning,b6a3840d-b821-4e53-877b-59c16be77206,Found invalid tables saving file:b6a3840d-b821-4e53-877b-59c16be77206.md
Warning,b7f26eca-b93b-4834-ba50-11febdefbb18,Found < > tag Bug 1235997:Support Request: MD conversion issue: not escaped tags causing missing content line:<i>&lt;OrganizationMailboxIdentity&gt;</i> in md file:b7f26eca-b93b-4834-ba50-11febdefbb18.md total found:0
Warning,b7f26eca-b93b-4834-ba50-11febdefbb18,Found < > tag Bug 1235997:Support Request: MD conversion issue: not escaped tags causing missing content line:<i>&lt;OrganizationMailboxIdentity&gt;</i> in md file:b7f26eca-b93b-4834-ba50-11febdefbb18.md total found:0
Warning,bada2ea7-6d7c-4630-b7f1-67f56818f0ff,Found a an ul list inside a table in html file:bada2ea7-6d7c-4630-b7f1-67f56818f0ff.xml
Warning,bc47f5f9-d056-4b69-b669-ae65fad541c8,Found a an ul list inside a table in html file:bc47f5f9-d056-4b69-b669-ae65fad541c8.xml
Warning,bd0942c6-9c66-4b4c-b9bc-2f5f783def76,Found a an ul list inside a table in html file:bd0942c6-9c66-4b4c-b9bc-2f5f783def76.xml
Warning,bd22bf7e-3bf7-45e6-8790-919b780166f6,Found < > tag Bug 1235997:Support Request: MD conversion issue: not escaped tags causing missing content line:<h3 class="subHeading">Step 1: Configure the FQDN on the "Client Frontend &lt;Server name&gt;" Receive connector</h3> in md file:bd22bf7e-3bf7-45e6-8790-919b780166f6.md total found:0
Warning,bd22bf7e-3bf7-45e6-8790-919b780166f6,Found < > tag Bug 1235997:Support Request: MD conversion issue: not escaped tags causing missing content line:<i>&lt;Server name&gt;</i> in md file:bd22bf7e-3bf7-45e6-8790-919b780166f6.md total found:0
Warning,c1839a5b-49f9-4c53-b247-f4e5d78efc45,Found < > tag Bug 1235997:Support Request: MD conversion issue: not escaped tags causing missing content line:<i>&lt;Active Directory site name&gt;</i> in md file:c1839a5b-49f9-4c53-b247-f4e5d78efc45.md total found:0
Warning,c31fd710-4ae4-4d9a-8936-d056e7ca2748,Found a an ul list inside a table in html file:c31fd710-4ae4-4d9a-8936-d056e7ca2748.xml
Warning,c3d2031c-fb7b-4866-8ae1-32928d0138ef,Found a an ul list inside a table in html file:c3d2031c-fb7b-4866-8ae1-32928d0138ef.xml
Warning,c918ea00-1e68-4b8b-8d51-6966b4432e2d,Found a an ul list inside a table in html file:c918ea00-1e68-4b8b-8d51-6966b4432e2d.xml
Warning,c918ea00-1e68-4b8b-8d51-6966b4432e2d,Found nested table in md file:c918ea00-1e68-4b8b-8d51-6966b4432e2d.md
Warning,c918ea00-1e68-4b8b-8d51-6966b4432e2d,Fixing missing end table tag in file:c918ea00-1e68-4b8b-8d51-6966b4432e2d.md
Warning,c918ea00-1e68-4b8b-8d51-6966b4432e2d,Fixing missing end table tag in file:c918ea00-1e68-4b8b-8d51-6966b4432e2d.md
Warning,c918ea00-1e68-4b8b-8d51-6966b4432e2d,Fixing missing end table tag in file:c918ea00-1e68-4b8b-8d51-6966b4432e2d.md
Warning,c918ea00-1e68-4b8b-8d51-6966b4432e2d,Found invalid tables saving file:c918ea00-1e68-4b8b-8d51-6966b4432e2d.md
Warning,cb9591c4-fbb3-4199-8007-6bbfdfd5a2e9,Found nested table in md file:cb9591c4-fbb3-4199-8007-6bbfdfd5a2e9.md
Warning,cb9591c4-fbb3-4199-8007-6bbfdfd5a2e9,Fixing missing end table tag in file:cb9591c4-fbb3-4199-8007-6bbfdfd5a2e9.md
Warning,cb9591c4-fbb3-4199-8007-6bbfdfd5a2e9,Found invalid tables saving file:cb9591c4-fbb3-4199-8007-6bbfdfd5a2e9.md
Warning,ccb14685-4bdc-42a4-a985-35cd2a1a415c,Found a an ul list inside a table in html file:ccb14685-4bdc-42a4-a985-35cd2a1a415c.xml
Warning,d0abb807-3b12-4c7d-bc7e-769b87c84ccb,Found a an ul list inside a table in html file:d0abb807-3b12-4c7d-bc7e-769b87c84ccb.xml
Warning,d0abb807-3b12-4c7d-bc7e-769b87c84ccb,Fixing missing end table tag in file:d0abb807-3b12-4c7d-bc7e-769b87c84ccb.md
Warning,d0abb807-3b12-4c7d-bc7e-769b87c84ccb,Found invalid tables saving file:d0abb807-3b12-4c7d-bc7e-769b87c84ccb.md
Warning,d2d89ce6-4721-4737-a325-fba5ad9422e0,Found a an ul list inside a table in html file:d2d89ce6-4721-4737-a325-fba5ad9422e0.xml
Warning,d8dd605e-0af1-4e18-9ce6-e51d04e161ba,Found a an ul list inside a table in html file:d8dd605e-0af1-4e18-9ce6-e51d04e161ba.xml
Warning,d8dd605e-0af1-4e18-9ce6-e51d04e161ba,Found nested table in md file:d8dd605e-0af1-4e18-9ce6-e51d04e161ba.md
Warning,d8dd605e-0af1-4e18-9ce6-e51d04e161ba,Fixing missing end table tag in file:d8dd605e-0af1-4e18-9ce6-e51d04e161ba.md
Warning,d8dd605e-0af1-4e18-9ce6-e51d04e161ba,Found invalid tables saving file:d8dd605e-0af1-4e18-9ce6-e51d04e161ba.md
Warning,d9fbf253-b6f1-4bcd-8548-87ccf49259f1,Found a an ul list inside a table in html file:d9fbf253-b6f1-4bcd-8548-87ccf49259f1.xml
Warning,d9fbf253-b6f1-4bcd-8548-87ccf49259f1,Found < > tag Bug 1235997:Support Request: MD conversion issue: not escaped tags causing missing content line:<p>Create your new resource group with these commands. Set the variables by replacing everything within the quotes- including the &lt; and &gt; characters- with the correct names.</p> in md file:d9fbf253-b6f1-4bcd-8548-87ccf49259f1.md total found:0
Warning,d9fbf253-b6f1-4bcd-8548-87ccf49259f1,Found < > tag Bug 1235997:Support Request: MD conversion issue: not escaped tags causing missing content line:<p>If needed- connect to the adVM virtual machine with the Azure portal using the CORP\&lt;ADMIN_NAME&gt; account and password.</p> in md file:d9fbf253-b6f1-4bcd-8548-87ccf49259f1.md total found:0
Warning,d9fbf253-b6f1-4bcd-8548-87ccf49259f1,Found < > tag Bug 1235997:Support Request: MD conversion issue: not escaped tags causing missing content line:<p>Connect to the exVM virtual machine with the Azure portal using the CORP\&lt;ADMIN_NAME&gt; account and password.</p> in md file:d9fbf253-b6f1-4bcd-8548-87ccf49259f1.md total found:0
Warning,d9fbf253-b6f1-4bcd-8548-87ccf49259f1,Found < > tag Bug 1235997:Support Request: MD conversion issue: not escaped tags causing missing content line:<p>Connect to the exVM virtual machine with the Azure portal using the CORP\&lt;ADMIN_NAME&gt; account and password.</p> in md file:d9fbf253-b6f1-4bcd-8548-87ccf49259f1.md total found:0
Warning,d9fbf253-b6f1-4bcd-8548-87ccf49259f1,Found < > tag Bug 1235997:Support Request: MD conversion issue: not escaped tags causing missing content line:<p>Connect to the exVM virtual machine with the Azure portal using the CORP\&lt;ADMIN_NAME&gt; account and password.</p> in md file:d9fbf253-b6f1-4bcd-8548-87ccf49259f1.md total found:0
Warning,de53c00b-091c-4a31-aacc-1bd40c756ce2,Found a an ol list inside a table in html file:de53c00b-091c-4a31-aacc-1bd40c756ce2.xml
Warning,e1678327-bcd5-42d4-a363-67f33067fe9a,Found < > tag Bug 1235997:Support Request: MD conversion issue: not escaped tags causing missing content line:<i>&lt;ServerIdentity&gt;</i> in md file:e1678327-bcd5-42d4-a363-67f33067fe9a.md total found:0
Warning,e1678327-bcd5-42d4-a363-67f33067fe9a,Found < > tag Bug 1235997:Support Request: MD conversion issue: not escaped tags causing missing content line:<i>&lt;MessageID&gt;</i> in md file:e1678327-bcd5-42d4-a363-67f33067fe9a.md total found:0
Warning,e1678327-bcd5-42d4-a363-67f33067fe9a,Found < > tag Bug 1235997:Support Request: MD conversion issue: not escaped tags causing missing content line:<i>&lt;CommaSeparatedFieldNames&gt;</i> in md file:e1678327-bcd5-42d4-a363-67f33067fe9a.md total found:0
Warning,e1678327-bcd5-42d4-a363-67f33067fe9a,Found < > tag Bug 1235997:Support Request: MD conversion issue: not escaped tags causing missing content line:<i>&lt;FieldName&gt;</i> in md file:e1678327-bcd5-42d4-a363-67f33067fe9a.md total found:0
Warning,e45e33c9-e53b-427c-ada5-70901bc399b8,Found nested table in md file:e45e33c9-e53b-427c-ada5-70901bc399b8.md
Warning,e45e33c9-e53b-427c-ada5-70901bc399b8,Fixing missing end table tag in file:e45e33c9-e53b-427c-ada5-70901bc399b8.md
Warning,e45e33c9-e53b-427c-ada5-70901bc399b8,Found invalid tables saving file:e45e33c9-e53b-427c-ada5-70901bc399b8.md
Warning,e7ad0ba5-3789-4a2b-9825-6bb1b321609c,Found a an ul list inside a table in html file:e7ad0ba5-3789-4a2b-9825-6bb1b321609c.xml
Warning,e7ad0ba5-3789-4a2b-9825-6bb1b321609c,Found nested table in md file:e7ad0ba5-3789-4a2b-9825-6bb1b321609c.md
Warning,ec4d3b9f-b85a-4cb9-95f5-6fc149c3899b,Found nested table in md file:ec4d3b9f-b85a-4cb9-95f5-6fc149c3899b.md
Warning,ec4d3b9f-b85a-4cb9-95f5-6fc149c3899b,Fixing missing end table tag in file:ec4d3b9f-b85a-4cb9-95f5-6fc149c3899b.md
Warning,ec4d3b9f-b85a-4cb9-95f5-6fc149c3899b,Fixing missing end table tag in file:ec4d3b9f-b85a-4cb9-95f5-6fc149c3899b.md
Warning,ec4d3b9f-b85a-4cb9-95f5-6fc149c3899b,Fixing missing end table tag in file:ec4d3b9f-b85a-4cb9-95f5-6fc149c3899b.md
Warning,ec4d3b9f-b85a-4cb9-95f5-6fc149c3899b,Found invalid tables saving file:ec4d3b9f-b85a-4cb9-95f5-6fc149c3899b.md
Warning,efc48fb4-2ed8-4d05-93af-f3505fbc389d,Found a an ul list inside a table in html file:efc48fb4-2ed8-4d05-93af-f3505fbc389d.xml
Warning,f170cb0c-04a9-4fa7-b594-206e3a787e14,Found a an ul list inside a table in html file:f170cb0c-04a9-4fa7-b594-206e3a787e14.xml
Warning,f2fc8680-0c7c-4a29-b8f5-d77404fec280,Found < > tag Bug 1235997:Support Request: MD conversion issue: not escaped tags causing missing content line:<b>CN=Servers-CN=Exchange Administrative Group (FYDIBOHF23SPDLT)-CN=Administrative Groups-CN=&lt;Organization Name&gt;-CN=Microsoft Exchange-CN=Services-CN=Configuration-DC=&lt;Root Domain&gt;</b> in md file:f2fc8680-0c7c-4a29-b8f5-d77404fec280.md total found:0
Warning,f4c170cd-76d3-499d-a34e-8a2bc8724c52,Found a an ul list inside a table in html file:f4c170cd-76d3-499d-a34e-8a2bc8724c52.xml
Warning,f572c193-6f3a-400e-9085-a9d3e5e18c59,Found a an ul list inside a table in html file:f572c193-6f3a-400e-9085-a9d3e5e18c59.xml
Warning,f572c193-6f3a-400e-9085-a9d3e5e18c59,Found < > tag Bug 1235997:Support Request: MD conversion issue: not escaped tags causing missing content line:<p>To ensure that load balancers do not route traffic to a Mailbox server that Managed Availability has marked as offline- load balancer health probes must be configured to check &lt;virtualdirectory&gt;/healthcheck.htm - for example- https://mail.contoso.com/owa/healthcheck.htm.</p> in md file:f572c193-6f3a-400e-9085-a9d3e5e18c59.md total found:0
Warning,f5bdfd6e-e93c-4d96-8bc2-548750d51930,Found a an ul list inside a table in html file:f5bdfd6e-e93c-4d96-8bc2-548750d51930.xml
Warning,f8cf635d-60c2-4aa3-9c06-244c29942cba,Found a an ul list inside a table in html file:f8cf635d-60c2-4aa3-9c06-244c29942cba.xml
Warning,fba87902-2a79-42ac-b394-46a9016f667e,Found a an ul list inside a table in html file:fba87902-2a79-42ac-b394-46a9016f667e.xml
Warning,fba87902-2a79-42ac-b394-46a9016f667e,Found nested table in md file:fba87902-2a79-42ac-b394-46a9016f667e.md
Warning,fba87902-2a79-42ac-b394-46a9016f667e,Fixing missing end table tag in file:fba87902-2a79-42ac-b394-46a9016f667e.md
Warning,fba87902-2a79-42ac-b394-46a9016f667e,Fixing missing end table tag in file:fba87902-2a79-42ac-b394-46a9016f667e.md
Warning,fba87902-2a79-42ac-b394-46a9016f667e,Found invalid tables saving file:fba87902-2a79-42ac-b394-46a9016f667e.md
Warning,fdbed4fc-a77e-40d5-a211-863b05d74784,Found a an ul list inside a table in html file:fdbed4fc-a77e-40d5-a211-863b05d74784.xml
Warning,fdbed4fc-a77e-40d5-a211-863b05d74784,Found nested table in md file:fdbed4fc-a77e-40d5-a211-863b05d74784.md
Warning,fdbed4fc-a77e-40d5-a211-863b05d74784,Fixing missing end table tag in file:fdbed4fc-a77e-40d5-a211-863b05d74784.md
Warning,fdbed4fc-a77e-40d5-a211-863b05d74784,Found invalid tables saving file:fdbed4fc-a77e-40d5-a211-863b05d74784.md
Warning,fec09455-e99e-42eb-8b32-1ddc08d9a19e,Found a an ul list inside a table in html file:fec09455-e99e-42eb-8b32-1ddc08d9a19e.xml
Warning,fec09455-e99e-42eb-8b32-1ddc08d9a19e,Found nested table in md file:fec09455-e99e-42eb-8b32-1ddc08d9a19e.md
Warning,fec09455-e99e-42eb-8b32-1ddc08d9a19e,Fixing missing end table tag in file:fec09455-e99e-42eb-8b32-1ddc08d9a19e.md
Warning,fec09455-e99e-42eb-8b32-1ddc08d9a19e,Found invalid tables saving file:fec09455-e99e-42eb-8b32-1ddc08d9a19e.md


Warning,d451581b-6161-4e95-99f1-03dac8313fae,Topic title:installation-of-the-first-exchange-server-in-the-organization-can-t-be-delegated-delegatedmailboxfirstinstall bigger then max length:80 new topic titile name:installation-of-the-first-exchange-server-in-the-organization-can-t-be-delegated
Warning,fe90b6b6-c99c-4efa-921c-07bed00aa9c4,Topic title:exchange-server-2003-computers-require-upgrade-to-sp2_exchange2003minvernotmet_removed bigger then max length:80 new topic titile name:exchange-server-2003-computers-require-upgrade-to-sp2_exchange2003minvernotmet_r
Warning,ee902d04-8a9f-4c63-98f9-0cbd71e8df9c,Topic title:windows-media-encoder-des_ktop-experience-component-not-installed_longhornwmvcorenotinstalled_removed bigger then max length:80 new topic titile name:windows-media-encoder-des_ktop-experience-component-not-installed_longhornwmvcor
Warning,93cf5a9f-ee24-431e-8111-131b3d4ca3db,Topic title:the-computer-is-running-windows-web-server-2008-or-windows-web-server-2008-r2_e14serverwinwebedition_removed bigger then max length:80 new topic titile name:the-computer-is-running-windows-web-server-2008-or-windows-web-server-2008-r2_e1
Warning,b8028a00-c451-412e-86f2-1669f6eee8fc,Topic title:exchange-2007-servers-must-be-upgraded-to-service-pack-3-update-rollup-10-e15e12coexistenceminversionrequirement bigger then max length:80 new topic titile name:exchange-2007-servers-must-be-upgraded-to-service-pack-3-update-rollup-10-e15e12
Warning,286b82ee-bddf-493c-b6ea-21aced6dbbad,Topic title:installation-of-the-first-exchange-server-in-the-organization-can-t-be-delegated-delegatedunifiedmessagingfirstinstall bigger then max length:80 new topic titile name:installation-of-the-first-exchange-server-in-the-organization-can-t-be-delegated
Warning,a97a8866-d5a1-4c28-ae01-223f12df5006,Topic title:setup-m-recoverserver-cannot-be-run-on-dag-members-memberofdatabaseavailabilitygroup bigger then max length:80 new topic titile name:setup-m-recoverserver-cannot-be-run-on-dag-members-memberofdatabaseavailabilityg
Warning,a115b182-cbd2-4d31-aa0e-375240939301,Topic title:can-t-install-exchange-2016-in-a-forest-that-contains-exchange-2000-or-exchange-2003-serversexchange2000or2003presentinorg bigger then max length:80 new topic titile name:can-t-install-exchange-2016-in-a-forest-that-contains-exchange-2000-or-exchange-
Warning,86964aaa-7069-481a-9db5-38a0b2c7fbec,Topic title:iis-6-compatibility-components-not-installed_longhorniis6mgmtconsolenotinstalledwarning_removed bigger then max length:80 new topic titile name:iis-6-compatibility-components-not-installed_longhorniis6mgmtconsolenotinstalled
Warning,24d16ace-249f-4c74-b617-3b0242e5aeca,Topic title:exchange-2010-servers-must-be-upgraded-to-sp3-ru11-or-later-e16e14coexistenceminversionrequirement bigger then max length:80 new topic titile name:exchange-2010-servers-must-be-upgraded-to-sp3-ru11-or-later-e16e14coexistencemin
Warning,48bb917f-86c9-41a4-adb7-3d2ccbc4bc01,Topic title:this-server-is-the-source-for-a-routing-group-connector_serverisbridgeheadforrgconnector_removed bigger then max length:80 new topic titile name:this-server-is-the-source-for-a-routing-group-connector_serverisbridgeheadforrgc
Warning,0d839514-5ab7-497d-8945-41392b4c3980,Topic title:failover-cluster-command-interface-windows-feature-not-installed-rsatclusteringcmdinterfaceinstalled bigger then max length:80 new topic titile name:failover-cluster-command-interface-windows-feature-not-installed-rsatclusteringc
Warning,81658d0d-f132-4dbf-9cb6-467e3e3536df,Topic title:exchange-2013-servers-must-be-upgraded-to-cu10-or-later-e16e15coexistenceminversionrequirement bigger then max length:80 new topic titile name:exchange-2013-servers-must-be-upgraded-to-cu10-or-later-e16e15coexistenceminvers
Warning,60abf8c6-2c54-463d-b4f3-4b64cec95403,Topic title:storage-group-drive-specification-is-missing_publicfolderlogdrivedoesnotexist_removed bigger then max length:80 new topic titile name:storage-group-drive-specification-is-missing_publicfolderlogdrivedoesnotexist_re
Warning,2f18cb65-29fe-4b72-8d68-52fd503d5673,Topic title:the-host-record-for-the-local-computer-cannot-be-found-in-the-dns-database-hostrecordmissing bigger then max length:80 new topic titile name:the-host-record-for-the-local-computer-cannot-be-found-in-the-dns-database-hostr
Warning,97496370-6e95-4b4d-9b9d-57e58a01b862,Topic title:public-folder-database-drive-specification-is-missing_publicfolderedbdrivedoesnotexist_removed bigger then max length:80 new topic titile name:public-folder-database-drive-specification-is-missing_publicfolderedbdrivedoesno
Warning,9c1b30a0-b1e4-4dc4-bea9-583eb05e271c,Topic title:learn-more-about-selecting-a-certificate-for-your-edge-transport-server-in-a-hybrid-deployment bigger then max length:80 new topic titile name:learn-more-about-selecting-a-certificate-for-your-edge-transport-server-in-a-hyb
Warning,0e229d10-605a-420f-bf8b-58a7fcb5b259,Topic title:the-current-account-isn-t-logged-into-an-active-directory-domain-loggedontodomain bigger then max length:80 new topic titile name:the-current-account-isn-t-logged-into-an-active-directory-domain-loggedontodomai
Warning,e54489e3-7d74-4f48-ace8-59c7ee7fee23,Topic title:the-computer-is-not-running-windows-server-2008-or-a-later-version_e14servernotwin2008sp2_removed bigger then max length:80 new topic titile name:the-computer-is-not-running-windows-server-2008-or-a-later-version_e14servernotw
Warning,3353e3ef-16e0-47d4-83b9-5c4cde2412ab,Topic title:recipientsgroupsedit-distribution-groupmessage-approvalselect-senders-who-don-t-require-message-approval bigger then max length:80 new topic titile name:recipientsgroupsedit-distribution-groupmessage-approvalselect-senders-who-don-t-
Warning,a944c4b8-c2b1-4c60-8e71-614103e5d4eb,Topic title:ms-exch-setupreadiness-e16e14coexistenceminversionrequirementfordc-datacenter-only bigger then max length:80 new topic titile name:ms-exch-setupreadiness-e16e14coexistenceminversionrequirementfordc-datacenter-on
Warning,76a1a95c-367b-4d53-8f71-6d3b4eb83beb,Topic title:the-local-computer-is-not-running-windows-server-2003-service-pack-1-or-later_servernotwin2003_removed bigger then max length:80 new topic titile name:the-local-computer-is-not-running-windows-server-2003-service-pack-1-or-later_se
Warning,feb08845-6d44-4760-9932-6eca22f35eec,Topic title:the-local-computer-isn-t-joined-to-an-active-directory-domain-computernotpartofdomain bigger then max length:80 new topic titile name:the-local-computer-isn-t-joined-to-an-active-directory-domain-computernotpartofd
Warning,1db1b16a-4928-4c5c-aa52-7323fc25a100,Topic title:ms-exch-setupreadiness-e16e15coexistenceminversionrequirementfordc-datacenter-only bigger then max length:80 new topic titile name:ms-exch-setupreadiness-e16e15coexistenceminversionrequirementfordc-datacenter-on
Warning,f2d8e504-18c1-4b86-9b97-7654d0391b19,Topic title:the-computer-needs-to-be-restarted-before-setup-can-continue-pendingrebootwindowscomponents bigger then max length:80 new topic titile name:the-computer-needs-to-be-restarted-before-setup-can-continue-pendingrebootwindow
Warning,4e1b9510-3188-43eb-9252-7c64cb2bc0e3,Topic title:can-t-install-exchange-2016-in-a-forest-that-contains-exchange-2007-servers-e16e12coexistenceminversionrequirement bigger then max length:80 new topic titile name:can-t-install-exchange-2016-in-a-forest-that-contains-exchange-2007-servers-e16e
Warning,bba03e9b-d816-4139-9dd4-85e3f85ebe9b,Topic title:serversdatabase-availability-groupsedit-database-availability-group-network-subnets bigger then max length:80 new topic titile name:serversdatabase-availability-groupsedit-database-availability-group-network-subn
Warning,bd22bf7e-3bf7-45e6-8790-919b780166f6,Topic title:configure-authenticated-smtp-settings-for-pop3-and-imap4-clients-in-exchange-2016 bigger then max length:80 new topic titile name:configure-authenticated-smtp-settings-for-pop3-and-imap4-clients-in-exchange-201
Warning,50b23c15-53b8-46ee-a334-94534bd76e2c,Topic title:running-dir-on-an-refs-formatted-disk-could-cause-the-computer-to-freeze-win2k12refsupdatenotinstalled bigger then max length:80 new topic titile name:running-dir-on-an-refs-formatted-disk-could-cause-the-computer-to-freeze-win2k12
Warning,67078af1-1f3f-40fc-98f2-94a1941de4bf,Topic title:compliance-managementdata-loss-preventionedit-dlp-policynew-rulesensitive-information-typesselect-sensitive-information-types bigger then max length:80 new topic titile name:compliance-managementdata-loss-preventionedit-dlp-policynew-rulesensitive-inform
Warning,71246f9c-2704-4e16-ba4f-95afd57dda35,Topic title:compliance-managementdata-loss-preventionedit-dlp-policyrulesedit-rulesensitive-information-typeedit bigger then max length:80 new topic titile name:compliance-managementdata-loss-preventionedit-dlp-policyrulesedit-rulesensitive-
Warning,e445c118-1866-49ca-91e3-a366543be630,Topic title:recipientsuser-mailboxmailbox-featuresmobile-device-detailsselect-mobile-device-policy bigger then max length:80 new topic titile name:recipientsuser-mailboxmailbox-featuresmobile-device-detailsselect-mobile-device-
Warning,da808e27-d2b7-4fbd-915c-a600751f526c,Topic title:use-batch-migration-to-migrate-public-folders-to-exchange-2016-from-previous-versions bigger then max length:80 new topic titile name:use-batch-migration-to-migrate-public-folders-to-exchange-2016-from-previous-ver
Warning,b4f74863-1567-4d6d-ae21-b0af495a1d82,Topic title:exchange-2010-servers-must-be-upgraded-to-service-pack-3-e15e14coexistenceminversionrequirement bigger then max length:80 new topic titile name:exchange-2010-servers-must-be-upgraded-to-service-pack-3-e15e14coexistenceminver
Warning,be975d74-632d-4190-9c3b-b0cafe4eb332,Topic title:installation-of-the-first-exchange-server-in-the-organization-can-t-be-delegated-delegatedcafefirstinstall bigger then max length:80 new topic titile name:installation-of-the-first-exchange-server-in-the-organization-can-t-be-delegated
Warning,06f99869-79a2-4ac4-b947-b71430b178ad,Topic title:exchange-2010-servers-must-be-upgraded-to-service-pack-3-e15e14coexistenceminmajorversionrequirement bigger then max length:80 new topic titile name:exchange-2010-servers-must-be-upgraded-to-service-pack-3-e15e14coexistenceminmaj
Warning,d8d9f735-7181-428f-9049-b9886dce5159,Topic title:customize-the-outlook-on-the-web-sign-in-language-selection-and-error-pages-in-exchange-2016 bigger then max length:80 new topic titile name:customize-the-outlook-on-the-web-sign-in-language-selection-and-error-pages-in-e
Warning,cd0f45ab-89de-4653-b50d-c1157c2329d5,Topic title:duplicate-microsoft-exchange-system-objects-container-exists-in-active-directory-adiniterrorrule bigger then max length:80 new topic titile name:duplicate-microsoft-exchange-system-objects-container-exists-in-active-directory
Warning,4a29af0b-efb1-4a9b-af46-c2be8f3fc65b,Topic title:the-local-computer-is-not-running-windows-server-2003-service-pack-1-or-later_servernotwin2003spnadmin32_removed bigger then max length:80 new topic titile name:the-local-computer-is-not-running-windows-server-2003-service-pack-1-or-later_se
Warning,a4a3f293-afb9-4c00-aa07-c438238b6a98,Topic title:the-logged-on-user-is-not-a-member-of-the-schema-admins-group-schemaupdaterequired bigger then max length:80 new topic titile name:the-logged-on-user-is-not-a-member-of-the-schema-admins-group-schemaupdaterequir
Warning,48922de2-a68c-4092-96a5-d38c8e5f49f5,Topic title:installing-exchange-on-a-domain-controller-is-not-recommended-warninginstallexchangerolesondomaincontroller bigger then max length:80 new topic titile name:installing-exchange-on-a-domain-controller-is-not-recommended-warninginstallexch
Warning,34b9ef39-1cb9-46ec-abdf-d9ab24329196,Topic title:serversvirtual-directoriesexchange-web-servicesbulk-editautodiscover-authentication-zombie bigger then max length:80 new topic titile name:serversvirtual-directoriesexchange-web-servicesbulk-editautodiscover-authenticat
Warning,8412a371-b5b1-42d9-9e75-ddef3a98dd26,Topic title:a-windows-server-2012-update-rollup-hasn-t-been-installed-win2k12rollupupdatenotinstalled bigger then max length:80 new topic titile name:a-windows-server-2012-update-rollup-hasn-t-been-installed-win2k12rollupupdatenot
Warning,1fb055ae-2cc0-489d-ab93-e166eab81749,Topic title:cannot-remove-public-folder-database_unwillingtoremovepublicfolderdatabase_removed bigger then max length:80 new topic titile name:cannot-remove-public-folder-database_unwillingtoremovepublicfolderdatabase_remov
Warning,45f45976-62ac-4b6c-889a-ebd449402009,Topic title:active-directory-functional-level-isn-t-windows-server-2003-or-later-forestlevelnotwin2003native bigger then max length:80 new topic titile name:active-directory-functional-level-isn-t-windows-server-2003-or-later-forestlevel
Warning,bd1dbf09-5465-40fa-8668-ef99f753ba45,Topic title:installation-of-the-first-exchange-server-in-the-organization-can-t-be-delegated-delegatedbridgeheadfirstinstall bigger then max length:80 new topic titile name:installation-of-the-first-exchange-server-in-the-organization-can-t-be-delegated
Warning,4cf9f1a1-aeac-455b-a5c3-efcd4185a467,Topic title:installation-of-the-first-exchange-server-in-the-organization-can-t-be-delegated-delegatedclientaccessfirstinstall bigger then max length:80 new topic titile name:installation-of-the-first-exchange-server-in-the-organization-can-t-be-delegated
Warning,0f4c5b2f-85ae-4160-9a53-f4b890d8ccdb,Topic title:installation-of-the-first-exchange-server-in-the-organization-can-t-be-delegated-delegatedfrontendtransportfirstinstall bigger then max length:80 new topic titile name:installation-of-the-first-exchange-server-in-the-organization-can-t-be-delegated
Warning,977e3758-5e09-40a2-80c1-fe344b1d8a2a,Topic title:installation-on-domain-controllers-is-not-supported-with-active-directory-split-permissions-installondcinadsplitpermissionmode bigger then max length:80 new topic titile name:installation-on-domain-controllers-is-not-supported-with-active-directory-split-
